<?xml version="1.0" encoding="UTF-8"?>
<project-private xmlns="http://www.netbeans.org/ns/project-private/1">
    <editor-bookmarks xmlns="http://www.netbeans.org/ns/editor-bookmarks/2" lastBookmarkId="0"/>
    <open-files xmlns="http://www.netbeans.org/ns/projectui-open-files/2">
        <group>
            <file>file:/home/mikx/platic/C/C/bower.json</file>
            <file>file:/home/mikx/platic/C/C/public_html/report.html</file>
            <file>file:/home/mikx/platic/C/C/public_html/index.html</file>
            <file>file:/home/mikx/platic/C/C/.bowerrc</file>
            <file>file:/home/mikx/platic/C/C/Gruntfile.js</file>
            <file>file:/home/mikx/platic/C/C/public_html/skuska.html</file>
            <file>file:/home/mikx/platic/C/C/gulpfile.js</file>
            <file>file:/home/mikx/platic/C/C/package.json</file>
            <file>file:/home/mikx/platic/C/C/public_html/contact.html</file>
        </group>
    </open-files>
</project-private>
